{
  "schemaVersion": 1,
  "id": "magicalforest",
  "version": "1.0.0",
  "name": "Magical Forest Mod",
  "description": "Adds a new magical forest biome with custom trees and colors. Based on denismasterherobrine who based it on thaumcraft and thaumcraft.",
  "authors": ["alex lohman, snowielove1, snowmage, riseoftheknights"],
  "contact": {
    "homepage": "https://riseoftheknights.com",
    "sources": "https://github.com/riseoftheknights/MagicalForest"
  },
  "license": "MIT",
  "environment": "*",
  "entrypoints": {
    "main": [
      "alex.magicalforest.MagicalForestMod"
    ]
  }
}