
{
  "pools": [
    {
      "rolls": 10,
      "entries": [
        {
          "type": "minecraft:item",
          "name": "druidmod:glass_dagger_type_1"
        },
        {
          "type": "minecraft:item",
          "name": "druidmod:glass_dagger_type_2"
        },
        {
          "type": "minecraft:item",
          "name": "druidmod:glass_dagger_type_3"
        },
        {
          "type": "minecraft:item",
          "name": "druidmod:glass_dagger_type_4"
        },
        {
          "type": "minecraft:item",
          "name": "druidmod:glass_dagger_type_5"
        },
        {
          "type": "minecraft:item",
          "name": "druidmod:glass_dagger_type_6"
        },
        {
          "type": "minecraft:item",
          "name": "druidmod:glass_dagger_type_7"
        },
        {
          "type": "minecraft:item",
          "name": "druidmod:glass_dagger_type_8"
        },
        {
          "type": "minecraft:item",
          "name": "druidmod:glass_dagger_type_9"
        },
        {
          "type": "minecraft:item",
          "name": "druidmod:glass_dagger_type_10"
        },
        {
          "type": "minecraft:item",
          "name": "druidmod:druid_chestplate_male"
        },
        {
          "type": "minecraft:item",
          "name": "druidmod:druid_chestplate_female"
        },
        {
          "type": "minecraft:item",
          "name": "druidmod:druid_hood"
        }
      ],
      "conditions": []
    }
  ]
}
