{
  "type": "minecraft:chest",
  "pools": [
    {
      "rolls": 1,
      "entries": [
        {
          "type": "minecraft:item",
          "name": "witchhaven:lore_book_day_1",
          "weight": 80,
          "functions": [
            {
              "function": "minecraft:set_count",
              "count": 1
            }
          ]
        },
        {
          "type": "minecraft:item",
          "name": "witchhaven:lore_book_day_2",
          "weight": 80,
          "functions": [
            {
              "function": "minecraft:set_count",
              "count": 1
            }
          ]
        },
        {
          "type": "minecraft:item",
          "name": "witchhaven:cropsys_death_certificate",
          "weight": 10,
          "functions": [
            {
              "function": "minecraft:set_count",
              "count": 1
            }
          ]
        }
      ]
    }
  ]
}