
{
    "type": "minecraft:chest",
    "pools": [
        {
            "rolls": 1,
            "entries": [
                {
                    "type": "minecraft:item",
                    "name": "crimson_markings:coralium_ingot"
                },
                {
                    "type": "minecraft:item",
                    "name": "crimson_markings:coralium_nugget"
                },
                {
                    "type": "minecraft:item",
                    "name": "crimson_markings:coralium_sword"
                },
                {
                    "type": "minecraft:item",
                    "name": "crimson_markings:coralium_helmet"
                }
            ]
        }
    ]
}
