{
	"credit": "Made with Blockbench",
	"textures": {
		"2": "sinisterxmas:item/A",
		"3": "sinisterxmas:item/b",
		"4": "sinisterxmas:item/c",
		"particle": "IMG_5704"
	},
	"elements": [
		{
			"from": [5, 0, 0],
			"to": [12, 7, 14],
			"rotation": {"angle": 0, "axis": "y", "origin": [7, 0, 0]},
			"faces": {
				"north": {"uv": [0, 0, 16, 16], "texture": "#3"},
				"east": {"uv": [0, 0, 16, 16], "texture": "#2"},
				"south": {"uv": [0, 0, 16, 16], "texture": "#3"},
				"west": {"uv": [0, 0, 16, 16], "texture": "#2"},
				"up": {"uv": [0, 0, 16, 16], "texture": "#4"},
				"down": {"uv": [0, 0, 16, 16], "texture": "#4"}
			}
		}
	],
	"display": {
		"thirdperson_righthand": {
			"translation": [0, 2.5, 0]
		},
		"thirdperson_lefthand": {
			"translation": [0, 2.25, 0]
		},
		"firstperson_righthand": {
			"translation": [0, 9.25, 0]
		},
		"firstperson_lefthand": {
			"translation": [0, 8, 0]
		},
		"ground": {
			"translation": [0, 5.75, 0]
		},
		"head": {
			"translation": [0, 1.25, -9.5]
		},
		"fixed": {
			"translation": [-1.5, 16.75, 9.75],
			"scale": [4, 4, 4]
		}
	}
}