{
	"credit": "Made with Blockbench",
	"textures": {
		"2": "sinisterxmas:item/A",
		"3": "sinisterxmas:item/b",
		"4": "sinisterxmas:item/c",
		"particle": "IMG_5704"
	},
	"elements": [
		{
			"from": [5, 0, 0],
			"to": [12, 7, 14],
			"rotation": {"angle": 0, "axis": "y", "origin": [7, 0, 0]},
			"faces": {
				"north": {"uv": [0, 0, 16, 16], "texture": "#3"},
				"east": {"uv": [0, 0, 16, 16], "texture": "#2"},
				"south": {"uv": [0, 0, 16, 16], "texture": "#3"},
				"west": {"uv": [0, 0, 16, 16], "texture": "#2"},
				"up": {"uv": [0, 0, 16, 16], "texture": "#4"},
				"down": {"uv": [0, 0, 16, 16], "texture": "#4"}
			}
		},
		{
			"from": [5, 0, 14],
			"to": [12, 7, 28],
			"rotation": {"angle": 0, "axis": "y", "origin": [7, 0, 14]},
			"faces": {
				"north": {"uv": [0, 0, 16, 16], "texture": "#3"},
				"east": {"uv": [0, 0, 16, 16], "texture": "#2"},
				"south": {"uv": [0, 0, 16, 16], "texture": "#4"},
				"west": {"uv": [0, 0, 16, 16], "texture": "#2"},
				"up": {"uv": [0, 0, 16, 16], "texture": "#4"},
				"down": {"uv": [0, 0, 16, 16], "texture": "#4"}
			}
		},
		{
			"from": [7, 0, 23],
			"to": [10, 3, 31],
			"rotation": {"angle": 45, "axis": "x", "origin": [6, 0, 23]},
			"faces": {
				"north": {"uv": [0, 0, 16, 16], "texture": "#3"},
				"east": {"uv": [0, 0, 16, 16], "texture": "#2"},
				"south": {"uv": [0, 0, 16, 16], "texture": "#4"},
				"west": {"uv": [0, 0, 16, 16], "texture": "#2"},
				"up": {"uv": [0, 0, 16, 16], "texture": "#4"},
				"down": {"uv": [0, 0, 16, 16], "texture": "#4"}
			}
		}
	],
	"display": {
		"thirdperson_righthand": {
			"translation": [-0.75, 9, -17]
		},
		"thirdperson_lefthand": {
			"translation": [0, 9.75, -17.25]
		},
		"firstperson_righthand": {
			"translation": [-3.5, 12.5, 0]
		},
		"firstperson_lefthand": {
			"translation": [-1.25, 9, 0]
		},
		"ground": {
			"translation": [0, 20.5, 0]
		},
		"gui": {
			"rotation": [0, 8, 5],
			"translation": [-0.5, 6.75, 22]
		},
		"head": {
			"translation": [0, 16.25, -26.25]
		},
		"fixed": {
			"translation": [-1.5, 16.75, 9.75],
			"scale": [4, 4, 4]
		}
	}
}