{
	"credit": "Made with Blockbench",
	"texture_size": [64, 64],
	"textures": {
		"0": "shield",
		"nuva": "kopaka_shields_mata_nui_edition:shield/kopaka_nuva",
		"mata": "kopaka_shields_mata_nui_edition:shield/kopaka_mata"
	},
	"elements": [
		{
			"name": "plate",
			"from": [2, 0, 5],
			"to": [18, 16, 6],
			"rotation": {"angle": 0, "axis": "y", "origin": [8, 0, 8]},
			"faces": {
				"north": {"uv": [0, 0, 16, 16], "texture": "#mata"},
				"east": {"uv": [0, 0, 16, 16], "texture": "#nuva"},
				"south": {"uv": [0, 0, 16, 16], "texture": "#nuva"},
				"west": {"uv": [0, 0, 16, 16], "texture": "#nuva"},
				"up": {"uv": [0, 0, 16, 16], "texture": "#nuva"},
				"down": {"uv": [0, 0, 16, 16], "texture": "#nuva"}
			}
		},
		{
			"name": "handle",
			"from": [9, 5, 6],
			"to": [11, 11, 12],
			"rotation": {"angle": 0, "axis": "y", "origin": [10, -3, 8]},
			"faces": {
				"north": {"uv": [8, 1.5, 8.5, 3], "texture": "#0"},
				"east": {"uv": [6.5, 1.5, 8, 3], "texture": "#0"},
				"south": {"uv": [10, 1.5, 10.5, 3], "texture": "#0"},
				"west": {"uv": [8.5, 1.5, 10, 3], "texture": "#0"},
				"up": {"uv": [8.5, 1.5, 8, 0], "texture": "#0"},
				"down": {"uv": [9, 0, 8.5, 1.5], "texture": "#0"}
			}
		}
	],
	"display": {
		"thirdperson_righthand": {
			"rotation": [91.51, -89.04, 94.55],
			"translation": [1, -2, 0]
		},
		"thirdperson_lefthand": {
			"rotation": [-56.59, -84.71, -70.67],
			"translation": [1.25, -2.5, 6.5]
		}
	},
	"groups": [
		{
			"name": "plate",
			"origin": [8, 11, 7],
			"color": 0,
			"children": [0]
		},
		{
			"name": "handle",
			"origin": [8, 11, 7],
			"color": 0,
			"children": [1]
		}
	]
}