{
	"credit": "Made with Blockbench",
	"textures": {
		"front": "shieldmod:shield/wooden_shield"
	},
	"elements": [
		{
			"name": "plate",
			"from": [2, 0, 5],
			"to": [14, 22, 6],
			"rotation": {"angle": 0, "axis": "y", "origin": [8, 0, 8]},
			"faces": {
				"north": {"uv": [0, 0, 16, 16], "texture": "#front"},
				"east": {"uv": [0, 0, 16, 16], "texture": "#front"},
				"south": {"uv": [0, 0, 16, 16], "texture": "#front"},
				"west": {"uv": [0, 0, 16, 16], "texture": "#front"},
				"up": {"uv": [0, 0, 16, 16], "texture": "#front"},
				"down": {"uv": [0, 0, 16, 16], "texture": "#front"}
			}
		},
		{
			"name": "handle",
			"from": [7, 9, 6],
			"to": [9, 14, 7],
			"rotation": {"angle": 0, "axis": "y", "origin": [8, 0, 8]},
			"faces": {
				"north": {"uv": [32, 6, 34, 12], "texture": "#front"},
				"east": {"uv": [26, 6, 32, 12], "texture": "#front"},
				"south": {"uv": [40, 6, 42, 12], "texture": "#front"},
				"west": {"uv": [34, 6, 40, 12], "texture": "#front"},
				"up": {"uv": [34, 6, 32, 0], "texture": "#front"},
				"down": {"uv": [36, 0, 34, 6], "texture": "#front"}
			}
		},
		{
			"name": "handle",
			"from": [7, 9, 10],
			"to": [9, 13, 11],
			"rotation": {"angle": 0, "axis": "y", "origin": [8, 0, 12]},
			"faces": {
				"north": {"uv": [32, 6, 34, 12], "texture": "#front"},
				"east": {"uv": [26, 6, 32, 12], "texture": "#front"},
				"south": {"uv": [40, 6, 42, 12], "texture": "#front"},
				"west": {"uv": [34, 6, 40, 12], "texture": "#front"},
				"up": {"uv": [34, 6, 32, 0], "texture": "#front"},
				"down": {"uv": [36, 0, 34, 6], "texture": "#front"}
			}
		},
		{
			"name": "handle",
			"from": [7, 8, 6],
			"to": [9, 9, 11],
			"rotation": {"angle": 0, "axis": "x", "origin": [8, 9, 11]},
			"faces": {
				"north": {"uv": [34, 6, 32, 0], "rotation": 180, "texture": "#front"},
				"east": {"uv": [26, 6, 32, 12], "rotation": 90, "texture": "#front"},
				"south": {"uv": [36, 0, 34, 6], "texture": "#front"},
				"west": {"uv": [34, 6, 40, 12], "rotation": 270, "texture": "#front"},
				"up": {"uv": [40, 6, 42, 12], "texture": "#front"},
				"down": {"uv": [32, 6, 34, 12], "rotation": 180, "texture": "#front"}
			}
		},
		{
			"name": "handle",
			"from": [7, 13, 6],
			"to": [9, 14, 11],
			"rotation": {"angle": 0, "axis": "x", "origin": [8, 14, 11]},
			"faces": {
				"north": {"uv": [34, 6, 32, 0], "rotation": 180, "texture": "#front"},
				"east": {"uv": [26, 6, 32, 12], "rotation": 90, "texture": "#front"},
				"south": {"uv": [36, 0, 34, 6], "texture": "#front"},
				"west": {"uv": [34, 6, 40, 12], "rotation": 270, "texture": "#front"},
				"up": {"uv": [40, 6, 42, 12], "texture": "#front"},
				"down": {"uv": [32, 6, 34, 12], "rotation": 180, "texture": "#front"}
			}
		}
	],
	"display": {
		"thirdperson_righthand": {
			"rotation": [166.37, -82.98, 163.67],
			"translation": [0, -5.25, 2.25]
		},
		"thirdperson_lefthand": {
			"rotation": [173.07, -82.76, 171.51],
			"translation": [0, -5.25, 2.75]
		},
		"firstperson_righthand": {
			"translation": [0, -4.25, 6.75]
		},
		"firstperson_lefthand": {
			"translation": [0, -3.75, 8.5]
		},
		"ground": {
			"rotation": [59, 0, 0]
		},
		"gui": {
			"rotation": [38, 41, 0],
			"scale": [0.45, 0.45, 0.45]
		},
		"head": {
			"rotation": [180, 0, 0],
			"translation": [0.5, 1.25, 5.5]
		},
		"fixed": {
			"translation": [0, -11, 11],
			"scale": [4, 4, 4]
		}
	},
	"groups": [
		{
			"name": "plate",
			"origin": [8, 11, 7],
			"color": 0,
			"children": [0]
		},
		{
			"name": "handle",
			"origin": [8, 11, 7],
			"color": 0,
			"children": [1, 2, 3, 4]
		}
	]
}