{
  "block.pumpkinresizemod.regular_pumpkin_2x2": "2x2 Pumpkin",
  "block.pumpkinresizemod.regular_pumpkin_4x4": "4x4 Pumpkin",
  "block.pumpkinresizemod.regular_pumpkin_6x6": "6x6 Pumpkin",
  "block.pumpkinresizemod.regular_pumpkin_8x8": "8x8 Pumpkin",
  "block.pumpkinresizemod.regular_pumpkin_10x10": "10x10 Pumpkin",
  "block.pumpkinresizemod.regular_pumpkin_12x12": "12x12 Pumpkin",
  "block.pumpkinresizemod.regular_pumpkin_14x14": "14x14 Pumpkin",

  "block.pumpkinresizemod.carved_pumpkin_2x2": "2x2 Carved Pumpkin",
  "block.pumpkinresizemod.carved_pumpkin_4x4": "4x4 Carved Pumpkin",
  "block.pumpkinresizemod.carved_pumpkin_6x6": "6x6 Carved Pumpkin",
  "block.pumpkinresizemod.carved_pumpkin_8x8": "8x8 Carved Pumpkin",
  "block.pumpkinresizemod.carved_pumpkin_10x10": "10x10 Carved Pumpkin",
  "block.pumpkinresizemod.carved_pumpkin_12x12": "12x12 Carved Pumpkin",
  "block.pumpkinresizemod.carved_pumpkin_14x14": "14x14 Carved Pumpkin",

  "block.pumpkinresizemod.jack_o_lantern_2x2": "2x2 Jack-O’-Lantern",
  "block.pumpkinresizemod.jack_o_lantern_4x4": "4x4 Jack-O’-Lantern",
  "block.pumpkinresizemod.jack_o_lantern_6x6": "6x6 Jack-O’-Lantern",
  "block.pumpkinresizemod.jack_o_lantern_8x8": "8x8 Jack-O’-Lantern",
  "block.pumpkinresizemod.jack_o_lantern_10x10": "10x10 Jack-O’-Lantern",
  "block.pumpkinresizemod.jack_o_lantern_12x12": "12x12 Jack-O’-Lantern",
  "block.pumpkinresizemod.jack_o_lantern_14x14": "14x14 Jack-O’-Lantern",

  "command.pumpkin.spawned": "Spawned %s pumpkin of size %dx%d.",
  "command.pumpkin.only_players": "Only players can execute this command.",
  "command.pumpkin.unknown_type": "Unknown pumpkin type. Use jackolantern, carved, or regular.",
  "command.pumpkin.invalid_size": "Invalid size for the specified pumpkin type."
}