{
    "type": "minecraft:crafting_shaped",
    "pattern": [
        " H ",
        "MTM",
        " S "
    ],
    "key": {
        "H": {
            "item": "sinisterxmas:heat_resistant_tubing"
        },
        "M": {
            "item": "sinisterxmas:micro_nether_reactor"
        },
        "T": {
            "item": "sinisterxmas:intense_heat_output_device"
        },
        "S": {
            "item": "minecraft:stick"
        }
    },
    "result": {
        "item": "sinisterxmas:flamethrower",
        "count": 1
    }
}