{
	"credit": "Made with Blockbench",
	"textures": {
		"particle": "witchhaven:item/1",
		"cap": "witchhaven:item/2",
		"top": "block/stripped_spruce_log_top",
		"side": "block/stripped_spruce_log"
	},
	"elements": [
		{
			"from": [6.5, 13, 6.5],
			"to": [9.5, 16, 9.5],
			"faces": {
				"north": {"uv": [3, 3, 12, 12], "texture": "#cap"},
				"east": {"uv": [3, 3, 12, 12], "texture": "#cap"},
				"south": {"uv": [3, 3, 12, 12], "texture": "#cap"},
				"west": {"uv": [3, 3, 12, 12], "texture": "#cap"},
				"up": {"uv": [3, 3, 12, 12], "texture": "#cap"},
				"down": {"uv": [3, 3, 12, 12], "texture": "#cap"}
			}
		},
		{
			"from": [7, 0, 7],
			"to": [9, 14, 9],
			"faces": {
				"north": {"uv": [0, 0, 16, 16], "texture": "#side"},
				"east": {"uv": [0, 0, 16, 16], "texture": "#side"},
				"south": {"uv": [0, 0, 16, 16], "texture": "#side"},
				"west": {"uv": [0, 0, 16, 16], "texture": "#side"},
				"up": {"uv": [0, 0, 16, 16], "texture": "#top"},
				"down": {"uv": [0, 0, 16, 16], "texture": "#top"}
			}
		}
	],
	"display": {
		"thirdperson_righthand": {
			"translation": [0, 2, 1.75]
		},
		"thirdperson_lefthand": {
			"translation": [0, 0, 2]
		},
		"firstperson_righthand": {
			"rotation": [-49, 0, 0]
		},
		"firstperson_lefthand": {
			"rotation": [-61, 0, 0]
		},
		"ground": {
			"translation": [0, 5, 0]
		},
		"gui": {
			"rotation": [15, 46, 21]
		},
		"head": {
			"translation": [0, 8.5, 0]
		}
	}
}