
{
  "schemaVersion": 1,
  "id": "protectorsmod",
  "version": "1.0.0",
  "name": "Protectors Mod",
  "description": "A mod that spawns invincible iron golems when specific NFC text is detected.",
  "authors": ["Your Name"],
  "contact": {
    "sources": "https://github.com/yourusername/protectorsmod"
  },
  "license": "MIT",
  "environment": "*",
  "entrypoints": {
    "main": [
      "com.example.protectorsmod.ProtectorsMod"
    ]
  },
  "depends": {
    "fabricloader": ">=0.12.5",
    "fabric": "*",
    "minecraft": "1.20.1"
  }
}
